"region";"vekst";"Jordbruksareal 1969";"Jordbruksareal 1979";"Jordbruksareal 1989";"Jordbruksareal 1999";"Jordbruksareal 2000";"Jordbruksareal 2001";"Jordbruksareal 2002";"Jordbruksareal 2003";"Jordbruksareal 2004";"Jordbruksareal 2005";"Jordbruksareal 2006";"Jordbruksareal 2007";"Jordbruksareal 2008";"Jordbruksareal 2009";"Jordbruksareal 2010";"Jordbruksareal 2011";"Jordbruksareal 2012";"Jordbruksareal 2013";"Jordbruksareal 2014";"Jordbruksareal 2015";"Jordbruksareal 2016";"Jordbruksareal 2017"
"0101 Halden";"Jordbruksareal i drift";57817;59571;61661;61029;60867;61952;61878;61617;62019;61743;61720;62470;61604;62332;63111;62529;61079;61504;61453;61247;61075;60442
"0104 Moss";"Jordbruksareal i drift";6852;6841;6590;6495;5796;5501;5658;5469;5398;5732;5594;5345;5154;5154;5251;5135;5027;4154;3928;3829;3803;3592
"0105 Sarpsborg";"Jordbruksareal i drift";0;0;0;80973;80885;81601;80574;80664;80266;80106;80736;80422;78791;77031;77600;76098;77434;76596;75461;75818;76201;75626
"0106 Fredrikstad";"Jordbruksareal i drift";0;0;0;69608;69414;69634;70171;68912;69242;68180;66222;66771;66556;65689;66331;65794;65813;64787;64148;63832;63447;62909
"0111 Hvaler";"Jordbruksareal i drift";2671;3521;3697;3661;3657;3469;3467;3351;3275;3387;3397;3474;3576;3510;3577;3541;3484;3424;3421;3441;3314;3375
"0118 Aremark";"Jordbruksareal i drift";15768;19983;19692;20469;20042;20021;19633;19434;19337;19318;19183;19584;19523;19423;19502;19604;19627;18873;19091;19397;19364;19012
"0119 Marker";"Jordbruksareal i drift";35525;37435;39349;40902;41098;40704;40571;40476;38912;39808;40592;40350;40285;40182;39307;38196;38095;38308;38592;39326;39441;39190
"0121 Rømskog";"Jordbruksareal i drift";2566;2785;2872;3138;3007;2962;3052;2923;3040;3014;3040;3106;3032;3034;3077;2972;2962;2992;2938;2935;2952;2409
"0122 Trøgstad";"Jordbruksareal i drift";59942;64308;65632;66297;67204;70195;69171;68004;68704;67951;69598;69608;65325;64243;63809;65064;64434;64449;64044;64005;66241;66056
"0123 Spydeberg";"Jordbruksareal i drift";37067;37864;38836;37763;37631;39314;38012;37166;37662;37187;36126;37538;35616;36056;36346;36104;36448;36527;36529;37026;39130;39006
"0124 Askim";"Jordbruksareal i drift";28563;27827;29223;26584;26429;26895;26510;26627;26168;26126;25922;25350;24626;23256;23504;23923;23743;23534;24254;24408;24407;25832
"0125 Eidsberg";"Jordbruksareal i drift";73372;74046;76218;77373;76345;77481;78326;76279;76286;75359;76006;75379;73787;74176;74386;73919;72810;72195;71995;70758;70316;71044
"0127 Skiptvet";"Jordbruksareal i drift";32907;32806;33015;36270;35594;35139;35068;34582;34090;34683;34524;34083;34418;34417;31930;31845;30985;30406;30665;30045;30030;30711
"0128 Rakkestad";"Jordbruksareal i drift";101486;108858;110988;113262;113513;115939;116842;115823;116635;116642;115402;117179;114918;111776;110749;110789;111767;112258;113062;114355;113058;111237
"0135 Råde";"Jordbruksareal i drift";34122;35829;35590;34952;34666;35187;34786;34412;34508;34211;33745;33498;32585;32516;32246;32119;32073;32172;32416;32789;32771;32886
"0136 Rygge";"Jordbruksareal i drift";28264;28463;29281;26840;27257;26904;26292;26120;26173;26203;26139;26503;26239;26246;26780;26188;26049;25277;26256;26042;27141;27043
"0137 Våler (Østfold)";"Jordbruksareal i drift";34472;35755;35509;35694;35869;35536;34801;34246;34594;35336;34747;33355;33729;33222;33081;32892;32951;33715;32806;34089;34098;33461
"0138 Hobøl";"Jordbruksareal i drift";28040;29579;30526;30030;30278;30713;31758;31090;30745;30571;29668;30091;30053;30547;30142;30107;29924;29298;28855;27491;27862;28211
"0211 Vestby";"Jordbruksareal i drift";34683;35672;36315;38070;38628;39645;39627;40574;40197;39887;39489;38483;37991;37254;37378;37345;36569;36454;35464;34849;34426;33144
"0213 Ski";"Jordbruksareal i drift";36736;38432;38582;34223;34148;34086;34672;32761;32891;33334;33450;33533;33439;33651;36208;36346;36482;35308;36384;37445;37275;36510
"0214 Ås";"Jordbruksareal i drift";37643;38933;39685;39372;39621;40335;39920;39777;40284;40771;41236;40596;40343;40127;40777;40796;40332;40313;39922;39215;40013;39538
"0215 Frogn";"Jordbruksareal i drift";15683;16520;16489;15004;14548;13495;13518;12268;12010;12600;11717;11890;11444;11154;11383;11147;11929;11541;12243;12574;12508;12431
"0216 Nesodden";"Jordbruksareal i drift";4600;5049;5198;5681;5471;5529;5499;5551;5340;5290;5235;5101;5162;5329;5381;5437;5437;5459;5451;5490;..;..
"0217 Oppegård";"Jordbruksareal i drift";1463;1638;1295;1564;1437;1525;1525;846;779;405;560;552;550;715;688;685;950;960;960;529;..;..
"0219 Bærum";"Jordbruksareal i drift";21201;19455;17264;17065;16030;14903;15173;14650;14854;14887;14319;14317;14232;14824;14699;14485;14368;14025;13940;13506;13261;13333
"0220 Asker";"Jordbruksareal i drift";13136;12919;11480;10811;10522;10465;9155;8462;8599;8515;8588;8475;8397;8495;8098;7707;7738;7603;7564;7436;7429;7086
"0221 Aurskog-Høland";"Jordbruksareal i drift";89319;94850;99077;99747;99946;101413;102182;101963;102402;103054;101552;102448;102746;100493;98954;95058;95155;95141;93260;93087;91373;91351
"0226 Sørum";"Jordbruksareal i drift";59618;66773;71636;74062;73811;73948;74053;73161;73742;75071;73536;71573;71420;73705;72669;73286;72749;72790;75959;76278;74577;74009
"0227 Fet";"Jordbruksareal i drift";25935;24651;26185;27107;27041;26658;25791;25551;25624;26097;25970;25836;25844;25100;25771;25547;26323;25782;24532;24617;22299;22303
"0228 Rælingen";"Jordbruksareal i drift";5659;6061;5236;5751;5845;5609;5473;5732;5847;5809;5916;6160;5795;5955;5776;5797;5988;5794;5897;5872;5891;6053
"0229 Enebakk";"Jordbruksareal i drift";28175;28809;29906;29753;29170;29795;29397;29145;29119;28924;29377;28610;28766;28215;27633;27903;27540;26927;27215;27163;26267;26013
"0230 Lørenskog";"Jordbruksareal i drift";6916;7335;6984;5861;5875;6142;6218;6171;5578;5649;5514;5432;5378;5513;5383;5112;5230;4918;5294;5184;5187;4992
"0231 Skedsmo";"Jordbruksareal i drift";19783;20265;21266;22983;22230;22944;21901;21739;21666;21240;21014;20902;20223;19999;19916;19717;18922;18713;18507;18323;18239;18105
"0233 Nittedal";"Jordbruksareal i drift";17453;17813;17777;15026;15102;15299;15161;14856;14253;14373;14120;14502;14078;14323;14740;14886;15651;15237;14727;14665;14666;13440
"0234 Gjerdrum";"Jordbruksareal i drift";22350;25443;26183;25983;25953;26296;26547;25970;25857;25939;26008;25815;25724;25185;24392;24256;24661;24684;25210;25183;24137;25276
"0235 Ullensaker";"Jordbruksareal i drift";76694;83997;90592;88407;88046;89071;87771;88022;87756;87793;88005;88100;88208;85400;85453;85915;85734;84677;84151;83535;82945;82398
"0236 Nes (Akershus)";"Jordbruksareal i drift";115284;134792;138487;140301;140185;139468;138339;139003;138168;136574;136635;137112;138317;134171;132614;133083;130990;132659;133937;133069;133893;133065
"0237 Eidsvoll";"Jordbruksareal i drift";53707;52088;50644;51871;51722;52207;51902;51005;51813;51765;51938;51016;51516;51032;50419;50881;51269;51167;50481;49833;49207;49877
"0238 Nannestad";"Jordbruksareal i drift";45822;49857;49739;50955;50888;51370;51868;51923;52217;51588;51434;51258;49441;48742;48576;48241;48220;47889;47525;47780;47820;47552
"0239 Hurdal";"Jordbruksareal i drift";10429;8932;7695;7255;7450;7203;7131;7237;7172;7021;6611;6679;6778;6917;7039;7062;7098;7150;7583;7625;7548;6917
"0301 Oslo kommune";"Jordbruksareal i drift";11196;9783;8389;7229;7382;6959;7833;7219;7462;5713;5581;7823;8041;8140;8165;8144;8282;8030;7522;7585;7588;7327
"0402 Kongsvinger";"Jordbruksareal i drift";49125;52217;53239;52595;52446;51811;50731;49883;50236;48042;47056;47446;46470;46151;45943;46088;46968;47401;48819;48849;48996;48055
"0403 Hamar";"Jordbruksareal i drift";0;0;0;47369;47049;46702;47160;44985;44882;43223;43423;43410;43806;44190;45226;45763;45852;45148;45448;44583;45190;44256
"0412 Ringsaker";"Jordbruksareal i drift";182377;176998;185009;182469;183820;183399;185478;183072;183152;179769;176545;177075;177687;178608;177032;177225;178116;177970;179786;179396;181551;182958
"0415 Løten";"Jordbruksareal i drift";43193;43587;43991;47641;47833;48418;47984;46559;46393;46167;46515;46657;46704;45467;44167;43266;42738;42580;42850;43094;42955;43378
"0417 Stange";"Jordbruksareal i drift";102490;100434;100981;100675;100852;100735;99797;100453;100307;100467;97079;96427;95937;95704;94939;94591;93854;92376;93470;92849;92916;92933
"0418 Nord-Odal";"Jordbruksareal i drift";23819;24427;25515;25694;25423;25468;25114;25259;24899;24494;23207;23448;23979;24556;26048;24470;23339;22921;22950;22828;22769;22517
"0419 Sør-Odal";"Jordbruksareal i drift";51206;58906;63281;64390;64253;64561;65740;65314;64921;64898;63920;63756;63788;63376;61713;61927;60681;59054;59644;60439;60196;60535
"0420 Eidskog";"Jordbruksareal i drift";33757;36408;38211;37801;36766;37193;37618;36595;37086;36642;36516;36779;36523;36928;36615;35553;35019;33760;32964;32237;32530;32790
"0423 Grue";"Jordbruksareal i drift";55015;61820;65282;66279;66918;67726;67622;67087;66651;66420;66359;64655;65091;65780;65807;64782;65711;64988;65062;64587;65245;65191
"0425 Åsnes";"Jordbruksareal i drift";81560;90885;98248;98996;98445;99761;97570;98014;98954;97970;98308;98515;98444;98903;98018;97765;96104;95294;95770;98578;98417;98804
"0426 Våler (Hedmark)";"Jordbruksareal i drift";39029;42577;47814;48452;48654;48274;48796;48735;48610;48626;48605;49071;48389;46391;47013;47075;48440;48910;48984;46612;47290;47263
"0427 Elverum";"Jordbruksareal i drift";43956;44434;48385;47014;46122;46530;45520;45082;45119;45169;44636;44064;43593;43569;43564;43627;43415;43239;42243;42268;42516;42776
"0428 Trysil";"Jordbruksareal i drift";27035;24714;24631;22914;22074;21335;20302;20092;19948;19296;19154;18761;17605;16301;15578;15541;15803;15480;15368;15507;14890;14710
"0429 Åmot";"Jordbruksareal i drift";15858;16943;18016;17924;18988;18008;18124;18210;18028;17978;18484;18857;18734;19269;19497;17838;17897;18378;18629;18140;18145;17561
"0430 Stor-Elvdal";"Jordbruksareal i drift";18382;18728;19976;20402;21063;20868;20352;20660;20639;20996;20349;20663;20839;20584;19912;19701;19422;19086;19742;19116;19732;19695
"0432 Rendalen";"Jordbruksareal i drift";18579;17953;19697;20951;21113;21539;21449;21468;21172;21433;21417;21225;21197;20754;20019;20217;20587;20645;20922;20858;20829;20819
"0434 Engerdal";"Jordbruksareal i drift";8771;10470;..;14030;13887;13863;13713;13632;14215;13224;12768;12997;12685;12170;11096;10823;9622;9304;9288;8735;8839;9136
"0436 Tolga";"Jordbruksareal i drift";0;22559;26935;30738;31207;31478;31618;31636;31662;32245;33685;33760;33709;33606;33840;34261;33416;33471;34220;34320;34283;34038
"0437 Tynset";"Jordbruksareal i drift";44550;46527;52449;55924;55841;55931;56834;55839;56111;57659;58734;59669;61328;61341;60270;60154;60263;60636;60822;61299;61272;61186
"0438 Alvdal";"Jordbruksareal i drift";21976;23508;25505;28093;27759;28507;28380;28566;28786;29452;29833;29881;30212;30676;30192;30121;30293;30797;31145;31206;31347;31775
"0439 Folldal";"Jordbruksareal i drift";17368;20730;24874;25686;25680;25316;25321;25031;25206;25355;25793;26084;26004;25931;26615;26068;26130;26105;26317;26614;26927;26942
"0441 Os (Hedmark)";"Jordbruksareal i drift";0;21860;27720;30218;30694;30507;30762;31075;31812;32025;33358;33056;33469;33708;33347;32944;32549;32609;31998;32442;32195;32151
"0501 Lillehammer";"Jordbruksareal i drift";35416;32028;32433;32178;32471;32122;32663;32118;32380;33091;33759;33428;33578;34522;33190;32889;32368;32203;31983;31818;31705;32056
"0502 Gjøvik";"Jordbruksareal i drift";67516;66231;69120;70370;71009;70667;70322;70555;69548;70576;71095;71225;71192;67799;68439;69089;70391;71057;71312;70992;70546;69717
"0511 Dovre";"Jordbruksareal i drift";19317;20111;24503;29486;30109;30160;30221;29994;30505;31313;31425;31646;31911;31929;31734;30680;27755;27154;27418;27308;26814;27761
"0512 Lesja";"Jordbruksareal i drift";29479;32391;37084;40789;41012;40850;40973;41449;41817;42000;41281;41476;41584;41875;42214;42430;42489;42018;42340;42775;42679;43558
"0513 Skjåk";"Jordbruksareal i drift";16960;18946;19809;24337;24496;25237;25428;25510;25496;25700;25995;25984;25666;22870;23095;23341;23425;23260;23317;23081;23269;23516
"0514 Lom";"Jordbruksareal i drift";16228;17961;21023;22669;22832;23149;23252;23256;23230;22985;22997;22964;22893;22344;22596;22686;22632;22554;22713;22750;22819;23084
"0515 Vågå";"Jordbruksareal i drift";25576;26161;28859;32364;34087;34789;34746;35303;35720;36262;37280;37343;37976;38535;38990;39286;38957;39340;39451;39734;39754;40224
"0516 Nord-Fron";"Jordbruksareal i drift";0;34834;39379;45897;46001;46031;45720;45619;45685;45912;45972;46642;43234;43080;43047;43043;43009;42966;41233;41199;41372;42058
"0517 Sel";"Jordbruksareal i drift";27851;30125;34781;35582;35453;35415;35330;35361;34991;35203;35145;35351;35074;34653;34614;34459;34515;34140;33959;33958;34063;33764
"0519 Sør-Fron";"Jordbruksareal i drift";0;29233;33116;35450;36910;37216;37565;38591;38124;38866;39287;38832;38923;39141;39086;38928;36012;36266;36476;36723;36422;36226
"0520 Ringebu";"Jordbruksareal i drift";36738;39241;45887;48048;48324;48042;47954;47905;48034;48734;49198;48747;48647;48958;45071;45813;46114;46350;46371;46262;46231;46198
"0521 Øyer";"Jordbruksareal i drift";27125;29470;29320;31211;31614;31957;31815;31821;31717;32273;32200;32997;33104;33052;32343;31884;31645;31747;31794;31461;31232;31548
"0522 Gausdal";"Jordbruksareal i drift";56590;60674;62177;68969;70029;70457;70692;70955;72494;71720;72080;73012;72817;72633;68124;67793;66507;66267;66070;62942;63186;62904
"0528 Østre Toten";"Jordbruksareal i drift";103301;107604;110230;112899;112650;112319;112895;117053;116878;115978;113806;114168;112960;108105;108068;108482;108959;108942;109207;111150;110254;111095
"0529 Vestre Toten";"Jordbruksareal i drift";50062;54826;58107;59172;59391;60671;61001;55930;55924;56699;58965;58208;59525;57925;58654;58519;57669;57130;56844;56731;56303;55964
"0532 Jevnaker";"Jordbruksareal i drift";14012;15189;15380;15359;15431;15171;14898;15288;14577;14727;14522;14547;14985;15213;15105;13772;14408;14244;14491;14106;14090;14047
"0533 Lunner";"Jordbruksareal i drift";27294;29115;27930;27810;27935;28135;27644;27250;27634;28192;28041;27215;26362;25193;25647;26237;26776;27041;27307;27540;28037;27786
"0534 Gran";"Jordbruksareal i drift";72440;74381;74894;76939;76688;76258;76149;74405;75743;73605;73044;72823;73190;73754;72997;72617;72020;71625;71574;70975;70983;70686
"0536 Søndre Land";"Jordbruksareal i drift";27292;26830;26491;25481;25609;25754;26497;26404;26004;25985;26306;26034;25415;24291;25043;23177;23001;22828;22916;23011;23434;22983
"0538 Nordre Land";"Jordbruksareal i drift";43084;40140;37425;41437;43868;44354;44962;45209;45533;47035;46364;46600;46619;46249;45117;39349;40357;41241;41416;41102;41564;41002
"0540 Sør-Aurdal";"Jordbruksareal i drift";18671;18807;19977;21340;21919;22174;21817;22509;22640;22885;23181;23041;23339;23216;23063;22030;21484;21585;21632;21370;20862;21599
"0541 Etnedal";"Jordbruksareal i drift";14835;12568;13094;15039;15346;15281;14998;15089;15730;15758;15419;15462;15072;15287;15869;15888;15929;15927;15477;15884;15450;15585
"0542 Nord-Aurdal";"Jordbruksareal i drift";29166;30251;33155;36001;36827;37160;36966;37608;37930;37775;37491;37495;37760;37412;37226;36927;36550;32979;33256;33696;33280;33059
"0543 Vestre Slidre";"Jordbruksareal i drift";23633;25648;27811;30416;30962;30968;30672;30318;30609;30222;30394;30887;30483;30832;30313;27970;28602;26514;26153;26216;25950;26621
"0544 Øystre Slidre";"Jordbruksareal i drift";23735;23384;24810;28282;28596;28347;28700;28487;28969;28696;28923;28779;29107;28519;26689;26108;26243;26460;26353;26707;26727;26902
"0545 Vang";"Jordbruksareal i drift";14919;14861;17967;20501;21204;21418;21199;21201;21012;21124;21036;20781;20240;20588;18464;18451;18916;18329;18145;17414;17352;17916
"0602 Drammen";"Jordbruksareal i drift";14960;15225;14956;12539;12995;12793;12761;11604;11136;11257;11126;10507;10392;9873;9691;9819;9477;9921;9999;9825;9999;9994
"0604 Kongsberg";"Jordbruksareal i drift";37406;38801;39636;37480;37619;37782;38290;37343;36925;37131;36955;37352;37276;36731;36553;36758;36848;36567;35784;35797;35166;34933
"0605 Ringerike";"Jordbruksareal i drift";0;73301;76655;75128;75756;76957;77395;77021;78233;77895;78410;78184;77333;76404;73050;73417;73532;73102;73476;73742;72695;72745
"0612 Hole";"Jordbruksareal i drift";0;22118;23109;22234;22182;22346;22376;21896;21983;22173;21633;21532;21448;21577;21696;21588;21703;21827;21618;21463;20906;20932
"0615 Flå";"Jordbruksareal i drift";5974;6185;6377;6896;7079;6964;6972;7023;6825;6659;6506;6240;5567;5195;4958;4728;5243;5732;5705;5153;4922;4439
"0616 Nes (Buskerud)";"Jordbruksareal i drift";12720;12990;13226;14281;14486;14507;14542;14572;15327;15504;15568;15749;15723;15843;15558;15594;15423;15206;15499;15445;15546;16071
"0617 Gol";"Jordbruksareal i drift";17960;17422;18254;20832;21124;21165;21420;21728;21893;22049;22296;22938;23160;23109;22942;22337;22242;22563;22261;22533;22448;22031
"0618 Hemsedal";"Jordbruksareal i drift";14848;16010;17359;19641;19590;19784;20362;20034;20098;20568;20652;20866;21181;21415;21145;20311;20507;19976;19856;19735;19726;20485
"0619 Ål";"Jordbruksareal i drift";25066;26478;29203;31784;33505;32776;33777;34583;34284;35108;36496;38329;39000;39265;39131;39374;36178;35860;35987;36033;36146;36558
"0620 Hol";"Jordbruksareal i drift";14315;15188;15754;16558;17305;17183;17249;17398;17875;18091;17487;18198;18118;18122;18302;18237;18174;17477;17107;16897;16799;17326
"0621 Sigdal";"Jordbruksareal i drift";30325;31554;32597;32967;33036;33481;33366;32742;33352;33067;33328;33509;33003;33009;33007;32489;32652;31857;31976;32250;32321;31793
"0622 Krødsherad";"Jordbruksareal i drift";9319;8871;9020;9271;9386;8871;9289;9593;9786;10076;10241;9997;10230;9806;9342;8930;9151;9144;9054;9281;9403;9498
"0623 Modum";"Jordbruksareal i drift";45221;46370;48309;51645;52171;52404;52928;53339;53780;53479;52943;52440;52101;51888;52100;51871;50452;50497;50726;51024;51220;50850
"0624 Øvre Eiker";"Jordbruksareal i drift";48243;50649;51574;52508;51378;50814;50679;49928;50269;50922;49053;49543;50447;49996;48630;48716;48103;47222;48253;48116;47685;47313
"0625 Nedre Eiker";"Jordbruksareal i drift";8788;8443;8348;8741;8633;9037;8905;8910;9028;9028;8794;8897;8389;8329;8002;8131;8156;8102;7936;8238;8016;7865
"0626 Lier";"Jordbruksareal i drift";42628;42441;42117;40123;39291;39908;40412;40520;42498;39953;39907;38552;38211;38576;38140;38651;39791;38920;39763;39949;39601;40050
"0627 Røyken";"Jordbruksareal i drift";16775;17262;16731;16606;16362;16431;15922;15245;15138;14948;14678;14697;15062;14789;14019;14276;14641;14371;14100;14012;14035;13635
"0628 Hurum";"Jordbruksareal i drift";12769;12978;13328;13463;13607;13466;13517;13372;13770;13304;13306;13275;13326;13270;13147;13526;12891;12992;12649;12730;12671;12803
"0631 Flesberg";"Jordbruksareal i drift";13181;13329;13638;11579;11484;11804;11811;11654;11110;11060;11312;11218;11122;10463;10492;10153;9962;10028;10189;10341;10237;10536
"0632 Rollag";"Jordbruksareal i drift";9193;9347;9567;9780;9780;9547;9173;8721;8598;8637;8761;8600;8691;8888;8996;8994;9109;8827;8909;9033;8799;8745
"0633 Nore og Uvdal";"Jordbruksareal i drift";16202;14740;16558;18179;18418;19021;19225;19316;19481;19597;19400;18743;18422;18182;17245;17442;17201;17225;17289;17577;17417;18588
"0701 Horten";"Jordbruksareal i drift";0;0;21874;20928;20987;20427;20436;20621;20161;19534;19135;19583;18782;18493;17518;17003;16712;16198;16419;16582;16314;16212
"0702 Holmestrand (-2017)";"Jordbruksareal i drift";19916;20344;20805;19458;19463;19700;20437;18755;18854;18339;18260;18486;18241;17691;17655;17617;16420;17337;17398;17577;16804;16631
"0704 Tønsberg";"Jordbruksareal i drift";0;0;43602;42011;42058;42655;42669;41927;40874;39309;38960;37502;36808;36447;36929;37615;37231;36513;36477;36417;35304;37069
"0709 Larvik (-2017)";"Jordbruksareal i drift";0;0;79123;77239;76328;77046;76340;77604;77429;76231;75911;75531;73621;74010;73516;74028;73749;72631;72811;73119;73098;72142
"0710 Sandefjord";"Jordbruksareal i drift";0;0;0;0;0;0;0;0;0;0;0;0;0;0;0;0;0;0;0;0;0;93818
"0711 Svelvik";"Jordbruksareal i drift";4987;5005;4591;3635;3671;3848;3091;2897;2668;2755;2579;2526;2277;2435;2506;2545;2583;2356;2700;2697;2803;2756
"0712 Larvik";"Jordbruksareal i drift";0;0;0;0;0;0;0;0;0;0;0;0;0;0;0;0;0;0;0;0;0;0
"0713 Sande (Vestfold)";"Jordbruksareal i drift";31192;31617;32600;33373;33301;32806;34384;35346;34996;34740;35833;36385;35684;36150;35667;35700;35570;34895;34718;34872;34122;34097
"0714 Hof (-2017)";"Jordbruksareal i drift";13890;15051;15583;14336;14352;14726;14458;14061;13569;12964;12972;12574;12714;12558;12055;12031;12455;11954;11959;12093;11968;11752
"0715 Holmestrand";"Jordbruksareal i drift";0;0;0;0;0;0;0;0;0;0;0;0;0;0;0;0;0;0;0;0;0;0
"0716 Re";"Jordbruksareal i drift";38103;39233;40275;40475;39681;40956;81809;81364;80083;80908;80871;79815;80649;79971;82236;81184;83009;83156;83206;82769;83391;81162
"0722 Nøtterøy (-2017)";"Jordbruksareal i drift";10775;11442;11345;12338;12396;11994;12308;13412;13943;14691;15346;14407;14724;15719;16419;16274;15881;16885;16784;17078;17212;16695
"0723 Tjøme (-2017)";"Jordbruksareal i drift";1747;..;2429;2666;2558;2195;2094;2185;2207;2207;1921;2145;2143;2303;2175;1938;1787;1782;1620;1538;1577;1582
"0728 Lardal (-2017)";"Jordbruksareal i drift";21016;21379;22730;22426;22591;22192;21768;21129;21123;20103;20865;20425;20240;20099;19883;20202;20251;19752;19288;19170;19030;19008
"0729 Færder";"Jordbruksareal i drift";0;0;0;0;0;0;0;0;0;0;0;0;0;0;0;0;0;0;0;0;0;0
"0805 Porsgrunn";"Jordbruksareal i drift";8993;8959;7900;6539;6261;5938;5552;5638;5322;5677;5383;5505;5556;5548;5790;5604;5066;5493;5556;5541;5279;5421
"0806 Skien";"Jordbruksareal i drift";45528;44043;43873;42438;42626;43089;43027;40874;40962;40235;39856;39326;38752;39458;40036;39921;39974;39076;38391;38630;37857;38025
"0807 Notodden";"Jordbruksareal i drift";17512;18528;19464;18754;18648;18540;19372;18830;19380;19381;19531;19698;19732;19196;19233;19242;19130;19160;19048;19162;18781;18531
"0811 Siljan";"Jordbruksareal i drift";6188;6133;6937;6867;6875;6830;6987;6884;6682;6590;6662;6525;6465;6546;6324;6442;6361;6231;6483;6531;6265;6270
"0814 Bamble";"Jordbruksareal i drift";10064;9162;9165;9054;9133;9086;8811;8604;8769;8403;7914;7983;7738;7710;7623;7697;7672;7754;7836;7943;7890;7933
"0815 Kragerø";"Jordbruksareal i drift";5879;6073;5283;3747;3585;3320;3116;3096;3143;3053;2996;3126;3139;3108;3107;2999;3292;3423;3701;3786;3848;3986
"0817 Drangedal";"Jordbruksareal i drift";13623;12187;10827;11574;11281;11192;11272;10983;11134;10711;10175;10463;10563;10354;10534;10600;10287;10246;10225;10215;10387;10421
"0819 Nome";"Jordbruksareal i drift";26932;28275;28104;28452;28542;27866;28154;28194;28771;28291;28450;28728;28944;28584;28796;27190;27146;26824;27315;26965;26495;26750
"0821 Bø (Telemark)";"Jordbruksareal i drift";23278;23257;22920;23529;23600;23542;23619;23095;23337;23278;23000;23224;23730;23343;23358;23164;23250;23432;23413;23058;22534;22868
"0822 Sauherad";"Jordbruksareal i drift";23537;24598;25354;25013;25270;24953;24578;23819;23504;23688;23582;23097;23165;22782;22475;22029;22160;21646;22089;21775;21416;21099
"0826 Tinn";"Jordbruksareal i drift";10770;10631;11814;13395;12736;12514;12182;11998;12042;12095;12150;11817;11645;11830;11657;11462;11060;10971;10911;10957;11065;11290
"0827 Hjartdal";"Jordbruksareal i drift";12302;12954;11157;12082;12222;12262;12161;12047;11989;11552;11605;10796;10919;10917;10844;10977;10908;11191;11178;11166;11007;10492
"0828 Seljord";"Jordbruksareal i drift";14315;12769;12027;12768;12709;13036;13355;12757;12594;12409;12540;12833;12309;12311;11897;11803;11716;12287;12093;12348;12682;12566
"0829 Kviteseid";"Jordbruksareal i drift";12041;10942;9124;9432;10133;10196;10608;10641;10790;11298;11526;11611;11900;11833;11709;11282;11318;10890;11087;10571;10531;10686
"0830 Nissedal";"Jordbruksareal i drift";3904;3369;3952;4258;4198;3855;3775;4164;4127;3953;3855;3788;3693;3827;3591;3556;3484;3570;3643;3607;3468;3292
"0831 Fyresdal";"Jordbruksareal i drift";5696;5138;5385;6621;6952;7035;7110;6955;6902;6896;7030;7099;7069;6959;6753;6427;6247;6561;6704;6894;6747;7096
"0833 Tokke";"Jordbruksareal i drift";10355;9737;8451;10781;11816;11861;11753;11705;11833;12183;12298;12231;12623;12196;11269;10984;10676;10949;10991;11089;11012;11195
"0834 Vinje";"Jordbruksareal i drift";17265;14468;15740;16586;17595;18193;18889;18532;19102;19374;18990;18764;18352;18036;17152;14668;14415;13930;13867;13931;13942;13935
"0901 Risør";"Jordbruksareal i drift";5197;5407;4140;3477;3252;3266;3129;3090;2929;2681;2585;2643;2614;2665;2504;2508;2582;2605;2520;2530;2392;2360
"0904 Grimstad";"Jordbruksareal i drift";89;17769;18688;19061;19101;19029;19205;18992;18989;18873;18472;18392;18199;18158;18105;17571;16921;16702;16770;16975;16901;17041
"0906 Arendal";"Jordbruksareal i drift";0;0;0;17893;17520;17564;17690;16798;16667;16854;16568;16681;16628;16986;16639;16419;16441;16156;15783;15905;15854;16323
"0911 Gjerstad";"Jordbruksareal i drift";6345;5726;5565;5797;5653;5518;5304;4903;4662;4705;4556;4179;4150;4262;4313;4306;4212;4175;4564;4751;4867;5283
"0912 Vegårshei";"Jordbruksareal i drift";3773;2813;2869;3138;3123;2955;3020;3092;3020;2907;2856;2677;2461;2182;1862;1862;1786;1715;1657;1664;1700;1788
"0914 Tvedestrand";"Jordbruksareal i drift";6732;6839;6173;5689;5495;5659;5540;5309;5244;5190;5327;5473;5596;5435;5507;5675;5700;5633;5770;5661;5674;5735
"0919 Froland";"Jordbruksareal i drift";6736;7387;7052;6877;6826;6904;6786;6776;6807;6310;6243;6199;5860;5858;6059;5904;5785;6075;6182;6117;6098;6182
"0926 Lillesand";"Jordbruksareal i drift";6375;6828;6144;6598;6428;6419;6339;6450;6380;6362;6577;6185;5875;5816;5818;6017;5770;5427;5557;5570;5550;5594
"0928 Birkenes";"Jordbruksareal i drift";9526;8988;8653;10954;10779;10780;10475;10067;10184;10109;10357;9973;10021;9717;9542;9590;10454;10901;11212;11492;10437;10551
"0929 Åmli";"Jordbruksareal i drift";6127;8457;9365;8870;9086;9373;9247;9130;9392;9112;8767;9476;9695;9681;9718;9684;9758;9186;9673;9763;9440;9797
"0935 Iveland";"Jordbruksareal i drift";2861;2990;3448;3676;3607;3169;3264;3412;3513;3577;3878;4211;3977;4088;4272;4378;4311;4365;4150;3797;3710;3776
"0937 Evje og Hornnes";"Jordbruksareal i drift";7051;7045;8442;9862;9464;9657;9848;9848;9879;9972;10121;10094;9913;10269;9658;9583;9728;9877;10371;10579;10427;10377
"0938 Bygland";"Jordbruksareal i drift";6951;6848;6715;7478;7527;7326;7451;7361;7387;7062;6830;6730;6811;6796;6871;6965;6865;6891;6738;6981;7066;7361
"0940 Valle";"Jordbruksareal i drift";9955;9054;8091;9051;9076;9004;9298;9021;8738;8533;8629;8573;8600;8678;9042;8828;8507;8555;8615;8567;8532;8466
"0941 Bykle";"Jordbruksareal i drift";2695;1415;1855;1948;1969;1948;1857;1848;1789;1803;1732;1735;1712;1541;1363;1652;1693;1729;1779;1745;1742;1831
"1001 Kristiansand";"Jordbruksareal i drift";7716;7999;8073;6126;5359;5257;5149;4976;4361;4221;4323;4196;4502;4281;4594;4389;3885;3670;3761;3698;3733;3631
"1002 Mandal";"Jordbruksareal i drift";12155;11347;11698;11214;11235;11017;10999;10586;10283;10235;10184;10300;10224;10301;9188;9172;9025;8952;8727;8773;8954;9065
"1003 Farsund";"Jordbruksareal i drift";22228;22726;25207;31715;31980;32965;32852;32748;33272;33365;34098;32350;32665;31941;31630;31352;30520;29659;29402;29811;29662;30330
"1004 Flekkefjord";"Jordbruksareal i drift";14584;12742;11385;12646;12676;12856;12914;12813;12540;12764;13248;13748;14261;13919;13796;14211;13792;13747;13481;13601;13310;13544
"1014 Vennesla";"Jordbruksareal i drift";10808;9848;10417;12303;12426;12148;11815;12060;12300;12149;12427;12259;12533;12366;11581;11684;11410;11717;11336;11218;11657;11555
"1017 Songdalen";"Jordbruksareal i drift";8885;9104;9102;9593;9550;9697;9310;9092;9111;9036;9446;9588;9515;9579;9571;9479;9558;9606;10606;9724;9951;9987
"1018 Søgne";"Jordbruksareal i drift";5502;5748;5782;4994;5002;5297;5180;4813;4512;4547;4455;4437;4501;4477;4530;4408;4469;4378;4173;4570;4485;4415
"1021 Marnardal";"Jordbruksareal i drift";13028;11323;13339;14127;14162;13979;13525;13242;12993;12755;12915;12984;12863;12807;12185;12121;12070;12015;12049;12062;12191;12239
"1026 Åseral";"Jordbruksareal i drift";6783;6261;7274;8163;8704;8778;9184;9548;9461;9555;9790;9819;9844;10024;10052;10263;8818;9148;9364;9493;9500;9795
"1027 Audnedal";"Jordbruksareal i drift";10227;9559;10098;11200;11400;11528;11258;11080;11225;11172;11196;10738;10795;10691;10727;10021;9945;9847;9944;9853;9970;10006
"1029 Lindesnes";"Jordbruksareal i drift";16010;14123;14026;14305;14190;13995;13572;13311;13082;12580;12410;12265;12347;12583;11959;12428;12636;12663;12738;12545;12835;13135
"1032 Lyngdal";"Jordbruksareal i drift";15271;14896;16231;16785;16097;15939;15158;14809;14039;13952;13692;13112;13095;12601;11823;11961;11914;11914;12004;12369;12240;12995
"1034 Hægebostad";"Jordbruksareal i drift";11274;11527;12721;14715;14658;14538;14740;14667;14735;14178;14158;14392;14087;13791;13524;13458;12500;12440;13054;13059;13075;13379
"1037 Kvinesdal";"Jordbruksareal i drift";21286;19860;20344;22732;23066;23526;22995;22899;22540;22233;21759;21658;21404;21778;22179;22531;20845;21096;20829;21189;21107;20961
"1046 Sirdal";"Jordbruksareal i drift";9952;9240;11227;12142;12103;12472;12651;12846;12653;12514;12209;12461;12263;12062;11694;11549;11618;11804;11316;11319;11216;11503
"1101 Eigersund";"Jordbruksareal i drift";26549;27074;33514;46952;48186;48489;48483;48340;49784;49972;50431;50736;50265;50167;52030;52517;52985;52506;50286;50620;50163;50275
"1102 Sandnes";"Jordbruksareal i drift";64552;69900;77300;77489;77489;79060;78481;77500;77490;76566;75403;76793;76361;76631;76991;77699;77401;77498;76777;77022;75642;75382
"1103 Stavanger";"Jordbruksareal i drift";22509;19211;15053;14349;14291;14289;13964;13269;13056;13056;12975;12934;12883;12555;12254;12182;11715;11378;11435;11241;11236;11057
"1106 Haugesund";"Jordbruksareal i drift";8064;5399;5910;6424;6809;6728;6643;6898;6610;6360;6446;6534;5986;6025;6191;6454;6745;6894;6843;6625;6445;6262
"1111 Sokndal";"Jordbruksareal i drift";9950;9994;11952;13188;12772;13466;12842;12548;12370;11876;11909;12419;13155;13459;13433;13298;13091;13371;13624;13958;14081;13825
"1112 Lund";"Jordbruksareal i drift";15122;15579;16632;20589;20286;20476;20753;20846;21049;20955;21244;21779;21432;21306;21582;22294;22133;21573;21716;22009;22685;22630
"1114 Bjerkreim";"Jordbruksareal i drift";28114;33540;38695;50402;50500;51309;51397;52252;52509;52742;52875;53553;56054;56285;56509;56568;56446;57088;59008;59342;59586;59979
"1119 Hå";"Jordbruksareal i drift";77854;102343;111196;124634;124798;125012;124471;123483;124139;123339;123698;122227;120546;120911;119640;119277;119789;119370;118993;119452;118722;120071
"1120 Klepp";"Jordbruksareal i drift";68187;74517;79975;81568;81683;82278;81151;81833;81974;80508;76475;76178;77217;76362;75419;75324;74608;74971;75009;74973;73744;73006
"1121 Time";"Jordbruksareal i drift";49796;58269;68499;78172;77702;79886;81945;81314;81498;81372;81485;80087;78574;78829;78766;79255;79069;79354;79102;79569;81111;80663
"1122 Gjesdal";"Jordbruksareal i drift";22199;26148;35441;42573;42982;43384;43384;44049;44536;45479;53535;54139;54490;53245;52363;53560;52571;52667;52274;52594;51601;51759
"1124 Sola";"Jordbruksareal i drift";40110;40486;40234;38098;37305;37013;37275;36855;36344;36077;35199;34563;33581;33714;33356;33412;33753;33245;33420;32665;32392;32300
"1127 Randaberg";"Jordbruksareal i drift";15429;15444;15335;15883;15735;15715;15668;15072;15043;14940;14662;14300;14429;14394;14094;14112;14310;13899;13892;13801;13678;11917
"1129 Forsand";"Jordbruksareal i drift";7809;8581;10701;12577;12909;12607;13831;13740;13551;13736;14337;14528;13948;13860;13812;13873;13998;14307;13863;13923;13940;13781
"1130 Strand";"Jordbruksareal i drift";16614;19152;22814;24393;24096;24037;24369;24081;23794;23518;23721;23806;23665;23648;24054;24170;24375;24470;24300;24143;23999;24432
"1133 Hjelmeland";"Jordbruksareal i drift";23266;24076;28419;34804;34962;35369;35107;35622;35692;35794;36281;37174;38040;38395;38591;38685;38866;38762;38893;38921;39093;38732
"1134 Suldal";"Jordbruksareal i drift";21267;23205;25557;31532;32894;33504;33708;33762;33500;33781;33548;33527;33850;33662;33465;33333;33927;32647;32932;33310;33272;33481
"1135 Sauda";"Jordbruksareal i drift";5234;5789;7028;8260;8415;8652;8857;8415;8061;7898;7700;7941;7649;7651;7454;7710;7582;6832;6925;6911;6817;6921
"1141 Finnøy";"Jordbruksareal i drift";24257;26819;34769;40597;40714;40585;40723;40972;40886;41373;40267;41190;40506;38980;38992;39050;37141;37062;37240;37158;37088;37401
"1142 Rennesøy";"Jordbruksareal i drift";22061;25465;28472;39435;40148;40751;41300;41568;41247;41554;40392;40705;40953;37798;37456;37894;37248;37030;37574;37647;37713;37470
"1144 Kvitsøy";"Jordbruksareal i drift";2938;1838;2521;2582;2582;2632;2632;2628;2618;2658;2628;2621;2448;2448;2399;2400;2400;2400;2458;2453;2429;2438
"1145 Bokn";"Jordbruksareal i drift";4311;4595;6173;7833;8350;8879;8975;8865;8998;8640;8825;9102;9281;9604;9446;9216;9365;9414;9455;9358;9295;9581
"1146 Tysvær";"Jordbruksareal i drift";32912;35553;43144;51469;52784;53746;53759;53937;54119;54286;54547;54898;54189;53866;53978;54255;53641;53042;52665;52360;52801;53129
"1149 Karmøy";"Jordbruksareal i drift";36430;39991;43698;50084;50373;51218;50767;49573;49669;50067;51026;52113;50188;49630;49677;50273;50811;50489;51107;51089;50528;50666
"1151 Utsira";"Jordbruksareal i drift";945;807;1069;1004;997;1011;1147;1153;1090;1090;806;1042;787;889;869;908;1001;1247;1152;1224;1256;1312
"1160 Vindafjord";"Jordbruksareal i drift";0;0;0;0;0;0;0;0;0;0;79881;79465;76695;78367;78055;78280;78154;78608;78288;77989;77825;77425
"1201 Bergen";"Jordbruksareal i drift";0;35457;31431;25270;24263;22636;21524;20254;19256;18460;17801;17232;16709;16217;14722;14872;15132;15679;15134;15319;15715;15861
"1211 Etne";"Jordbruksareal i drift";25932;25500;25799;25537;25816;26200;26608;26835;28200;28362;28626;28091;26406;27331;27451;27804;27965;28234;28284;28467;28286;28569
"1216 Sveio";"Jordbruksareal i drift";16243;16766;19396;23670;24712;26140;27221;27115;27309;27424;27585;27540;27630;27467;27402;27764;27520;25274;25618;25773;26100;26533
"1219 Bømlo";"Jordbruksareal i drift";13552;11369;11893;13406;13568;13662;13183;13245;12433;12236;12223;12738;13150;12807;12451;12528;11369;11291;11494;12135;11536;11764
"1221 Stord";"Jordbruksareal i drift";7105;7018;7509;7987;8111;8045;7932;7892;7808;7806;7666;7825;7555;7613;7714;7479;7437;7130;7178;6998;6918;7227
"1222 Fitjar";"Jordbruksareal i drift";7088;6046;7484;7899;8086;8024;7901;8104;8025;7814;7946;7711;8061;7675;7624;7697;7983;7741;7719;7544;7422;7506
"1223 Tysnes";"Jordbruksareal i drift";14268;13839;12368;12424;12438;12318;12319;12862;12663;13071;12606;12534;12909;13020;13295;13358;12698;12439;10535;10344;10230;10490
"1224 Kvinnherad";"Jordbruksareal i drift";39482;37684;38667;40519;40912;41242;40951;40575;40425;40351;40752;40998;41402;40994;40686;41019;41075;40920;38934;39811;39432;40492
"1227 Jondal";"Jordbruksareal i drift";4726;4223;4650;4950;4835;4895;4669;4605;4484;4562;4568;4620;4467;4457;4478;4389;4344;4788;4784;4785;4731;4649
"1228 Odda";"Jordbruksareal i drift";5053;5102;5046;5027;5078;5093;5221;4933;4786;4806;4888;4851;4468;4347;4286;4361;4438;4351;4541;4636;4557;4739
"1231 Ullensvang";"Jordbruksareal i drift";0;15783;14048;13648;13804;13644;13778;13529;13563;13589;13539;13615;13325;13288;13236;13098;12964;12285;12437;12533;12588;12529
"1232 Eidfjord";"Jordbruksareal i drift";0;3140;3264;3074;2981;3012;2905;2818;2932;2736;2697;..;2917;2755;2750;2396;2342;2361;2416;2069;2588;2528
"1233 Ulvik";"Jordbruksareal i drift";6457;6562;6017;6180;6346;6511;6792;6539;6627;6767;6835;6010;6450;6327;6555;6751;6816;6885;6944;7013;7051;6739
"1234 Granvin";"Jordbruksareal i drift";5824;5259;4869;4813;4987;4976;4900;4887;4773;4618;4634;4842;4713;4800;4643;4671;5048;5241;5437;5528;5375;5382
"1235 Voss";"Jordbruksareal i drift";51447;55328;57366;60489;60386;60138;59405;59504;59635;58699;57655;57662;57277;57267;56297;55803;50314;50663;49785;50041;49566;50692
"1238 Kvam";"Jordbruksareal i drift";26001;24208;21937;23132;22945;22909;23125;23000;23035;22698;22523;22811;23109;22770;22537;22427;21748;20886;21919;22002;21777;22041
"1241 Fusa";"Jordbruksareal i drift";20862;18452;15946;16397;16463;16438;16313;16071;15544;15262;14788;14926;14608;14356;14201;13689;14244;14292;14143;13994;13778;14587
"1242 Samnanger";"Jordbruksareal i drift";7137;5904;4814;3755;3661;3547;3355;3156;2739;2562;2486;2662;2705;2376;2407;2614;2632;2457;2624;2741;2798;2747
"1243 Os (Hordaland)";"Jordbruksareal i drift";12528;12082;10769;10095;9843;9511;9363;9046;8455;8821;8705;8320;8045;8022;7803;7674;7280;6259;6333;6485;6668;6797
"1244 Austevoll";"Jordbruksareal i drift";8009;5543;5095;5363;5317;5064;4725;4140;3820;3517;3384;4003;4279;4069;3771;3891;3986;3244;3181;3315;3424;3542
"1245 Sund";"Jordbruksareal i drift";6395;5727;3752;2620;2511;2417;2380;1875;1820;1637;1533;1708;1967;1791;1765;..;..;1701;1741;1900;1917;1978
"1246 Fjell";"Jordbruksareal i drift";8219;7441;5856;5960;5841;5836;5603;5178;5000;4964;4783;4299;4159;3992;4022;3933;3964;3826;4013;3817;3539;3638
"1247 Askøy";"Jordbruksareal i drift";6121;5887;4895;4261;4291;4074;4008;3921;3487;3459;3227;3516;3445;3307;2677;2798;3037;3056;3007;2735;2805;2543
"1251 Vaksdal";"Jordbruksareal i drift";8038;7297;7157;7147;7393;7297;7149;7119;6949;6667;6778;6888;6904;6864;6621;6590;6415;6316;6178;6245;6212;6106
"1252 Modalen";"Jordbruksareal i drift";2538;2348;2145;1979;1994;1987;1957;1962;1845;1802;1754;1849;..;1633;..;1761;1648;1621;1705;..;..;..
"1253 Osterøy";"Jordbruksareal i drift";26748;23336;25190;24158;23977;24393;23897;22996;22393;22519;22261;22157;22008;22126;21822;21414;20946;19565;19484;19872;20262;20710
"1256 Meland";"Jordbruksareal i drift";11915;9775;10319;10071;10068;10228;10280;10175;10959;10504;10097;9264;9522;9250;9196;9533;9566;9628;9960;9837;9807;9467
"1259 Øygarden";"Jordbruksareal i drift";5223;5283;3388;3492;3581;2965;2904;2946;2736;2424;2501;2619;2197;2409;2293;2409;2496;2530;..;2576;2606;2827
"1260 Radøy";"Jordbruksareal i drift";27948;25403;25167;26495;27206;27573;27770;27494;27092;26873;26393;25264;25700;25910;25659;25523;25564;25892;26018;26042;26157;26159
"1263 Lindås";"Jordbruksareal i drift";41427;35722;35303;35205;35755;35410;35086;34929;34413;34405;34146;32529;33501;33469;33987;33781;34144;34248;33278;33597;33601;34755
"1264 Austrheim";"Jordbruksareal i drift";8072;6266;5338;5223;5293;5390;5146;5456;5050;4490;4454;4422;4506;4761;4820;4835;4895;4818;4867;5099;5022;4994
"1265 Fedje";"Jordbruksareal i drift";799;337;249;316;316;316;316;316;345;311;283;..;..;..;..;..;..;..;..;..;..;..
"1266 Masfjorden";"Jordbruksareal i drift";7775;7425;7488;7932;8011;7846;8254;8184;7954;7526;7422;6872;7139;7166;6839;6707;6623;6574;6853;6711;6822;7052
"1401 Flora";"Jordbruksareal i drift";20441;19496;16968;19636;20207;20368;19610;19101;18267;18314;18051;18080;18660;18845;18633;18618;17897;18649;18274;18482;18291;18325
"1411 Gulen";"Jordbruksareal i drift";20895;17241;17963;20741;20734;20354;20311;19805;19835;19389;19304;20433;19859;19584;19501;19297;19593;19166;18995;18967;18430;18541
"1412 Solund";"Jordbruksareal i drift";4780;3444;2717;3051;3063;3579;3412;3388;3439;3447;3455;3760;3675;3736;3547;3288;3005;3020;3505;3417;3403;3769
"1413 Hyllestad";"Jordbruksareal i drift";15122;13412;12682;11352;11877;12032;11905;11645;11316;10207;10168;9682;9339;8846;8741;8645;8737;8482;8405;8255;8120;8268
"1416 Høyanger";"Jordbruksareal i drift";15042;13238;12914;12012;12145;12431;12363;12139;12219;11682;11403;11200;11061;11089;10825;10583;10442;10386;10392;10316;10066;10251
"1417 Vik";"Jordbruksareal i drift";13928;14494;15491;22185;22835;23209;23429;23372;24095;23519;23281;22877;23352;23260;22941;23027;22852;22775;22736;22681;22674;22594
"1418 Balestrand";"Jordbruksareal i drift";10900;9793;10691;10274;5649;5667;5630;5390;5287;4931;5002;4848;4864;4771;4979;4835;4665;4873;4737;4744;4554;4514
"1419 Leikanger";"Jordbruksareal i drift";10889;9052;9310;4684;4761;4729;4550;4506;4445;4428;4273;3896;3171;3355;3127;3159;2935;2730;2783;2753;2717;2836
"1420 Sogndal";"Jordbruksareal i drift";18852;18469;19198;20092;25294;25490;25689;26054;26304;26400;25840;25709;25733;25378;25343;25225;22641;22850;22943;23095;23064;23042
"1421 Aurland";"Jordbruksareal i drift";7867;7681;6958;7294;7348;7306;7261;7057;7055;7134;7191;7250;7472;7471;7635;7556;7661;7498;7256;7269;7127;7477
"1422 Lærdal";"Jordbruksareal i drift";12132;12551;12809;12846;12905;12911;12997;12882;12715;12751;12573;12583;12676;12639;12727;12766;12876;12733;12657;12499;12662;12792
"1424 Årdal";"Jordbruksareal i drift";2163;1609;1435;1414;1347;1320;1317;1269;1021;1068;1170;1140;1106;1167;1196;1240;1150;1050;1029;1048;1125;1263
"1426 Luster";"Jordbruksareal i drift";38220;35218;35594;37714;38040;38204;37970;38166;37923;37606;37235;37423;37553;37709;37785;37853;37370;37884;37174;37851;37793;38107
"1428 Askvoll";"Jordbruksareal i drift";17776;17900;18973;21343;21108;21283;20922;20979;20696;20072;20144;19854;19745;19157;19617;19543;19514;19061;19404;19487;19416;19686
"1429 Fjaler";"Jordbruksareal i drift";23310;21881;22561;21148;20676;21359;21571;21345;21393;20710;21272;21101;21001;20068;19769;19444;17958;18105;17967;17694;17263;17702
"1430 Gaular";"Jordbruksareal i drift";25177;24941;26151;29283;30583;30499;30037;30463;29992;29482;29391;29416;29487;29130;27286;27169;27022;27222;26678;26888;26446;26327
"1431 Jølster";"Jordbruksareal i drift";24716;25225;25506;27313;27171;27140;27170;26919;27069;27013;26810;26901;26715;26341;26230;25894;25483;25533;25603;25681;25231;25016
"1432 Førde";"Jordbruksareal i drift";21920;20133;20993;21578;21629;21730;21643;21836;21917;21398;21102;21255;21050;20694;20483;20552;20820;20834;20818;20612;20618;20837
"1433 Naustdal";"Jordbruksareal i drift";18121;18586;18769;19440;19442;19626;19715;19451;19500;19285;19327;19020;19256;17131;17175;17178;17147;17042;16812;16705;16783;16559
"1438 Bremanger";"Jordbruksareal i drift";18578;16460;15320;14674;14247;14451;13911;13313;12745;12326;12004;11684;11283;11295;11246;11007;10940;9814;10053;9974;9654;9622
"1439 Vågsøy";"Jordbruksareal i drift";14697;10483;8860;7692;7484;7484;7123;6949;6563;6287;5759;5543;5423;5331;5364;5132;5117;4600;4480;4237;4159;4532
"1441 Selje";"Jordbruksareal i drift";16521;13980;12100;12440;12490;12657;12865;12274;12373;12249;12250;12238;12351;12129;11942;11669;10197;10363;10533;10727;10619;10703
"1443 Eid";"Jordbruksareal i drift";24507;22578;23859;25955;25902;26015;26363;26058;25811;26031;26121;25966;25633;25026;25006;23379;23439;23282;23058;23027;23166;23168
"1444 Hornindal";"Jordbruksareal i drift";0;7093;8863;10220;10187;10371;10440;10407;10877;10652;10593;10898;11255;11281;11333;11052;9975;10103;10107;10397;10156;10067
"1445 Gloppen";"Jordbruksareal i drift";34553;34752;38874;40489;40636;40329;40688;41424;40989;40492;40532;40452;40676;37879;37787;37892;37779;37500;37372;37510;37709;36812
"1449 Stryn";"Jordbruksareal i drift";0;38524;41271;41815;41761;41771;41300;41137;41248;40325;39928;40083;39697;39244;38054;35155;34815;35017;34952;34614;34738;34253
"1502 Molde";"Jordbruksareal i drift";17392;15238;16054;14842;14458;14140;14651;14338;14124;14083;14020;14085;14126;13890;13611;13400;12805;12414;12271;12181;12069;12037
"1504 Ålesund";"Jordbruksareal i drift";0;5702;3697;2367;1977;1772;1881;1916;2022;1721;1842;1784;1746;1732;1870;1691;1641;1724;1729;1764;1765;1676
"1505 Kristiansund";"Jordbruksareal i drift";0;0;0;0;0;0;0;0;0;0;0;0;3205;3230;3282;3251;3021;2985;3121;2989;2924;2886
"1511 Vanylven";"Jordbruksareal i drift";21121;21347;20275;23511;23452;23550;24912;24862;24768;24236;24021;23542;23503;23091;23366;23186;22721;22557;22862;22769;22681;22879
"1514 Sande (Møre og Romsdal)";"Jordbruksareal i drift";11925;10221;10439;11557;11289;10907;8515;8445;8214;8087;7856;7539;7435;7161;7056;6344;6013;5726;5446;5237;5486;5621
"1515 Herøy (Møre og Romsdal)";"Jordbruksareal i drift";11461;9487;9456;7289;7417;7332;6870;6735;6391;6334;6354;6155;6154;6177;5854;4808;5111;5168;5197;5108;5226;5346
"1516 Ulstein";"Jordbruksareal i drift";6996;6841;5714;5658;5633;5717;5550;5295;4941;4702;4734;4836;4690;4554;4707;4450;4469;4479;4464;4315;4335;4391
"1517 Hareid";"Jordbruksareal i drift";5667;4771;5780;5614;5681;5317;5043;4771;4662;4775;4464;4295;4300;4134;3713;3596;3604;3347;3363;3288;3161;3042
"1519 Volda";"Jordbruksareal i drift";21598;19838;22599;21996;21812;22023;21099;20741;20144;19410;19658;18792;18295;16408;16361;16080;16097;15749;15679;15418;15057;15597
"1520 Ørsta";"Jordbruksareal i drift";35452;34766;37673;41662;42320;42688;42573;41904;40618;39975;39465;38539;37902;35125;35674;35188;34999;34856;34123;33637;33556;33862
"1523 Ørskog";"Jordbruksareal i drift";0;6003;5914;5730;5814;5687;5904;5893;5872;5937;5700;5599;5493;5358;5175;4646;4635;4465;4408;4351;4187;4163
"1524 Norddal";"Jordbruksareal i drift";13029;11791;12686;13001;12727;12878;12863;12394;12267;12359;12375;12506;12609;12731;11912;11620;11560;11393;11727;11762;11827;11631
"1525 Stranda";"Jordbruksareal i drift";16144;15575;16049;16071;16187;16223;16175;16560;16416;16323;16285;16428;16153;16103;16010;14751;14568;14794;15322;15699;15697;15994
"1526 Stordal";"Jordbruksareal i drift";0;4001;4646;4724;4745;4625;4357;4284;4339;4082;3948;3770;3880;3905;3976;3917;3898;3992;3723;3755;3782;3806
"1528 Sykkylven";"Jordbruksareal i drift";16757;15844;15648;15268;15057;15107;15042;14653;14073;13683;13616;13413;13238;12547;12025;10962;10869;10636;10850;10747;10958;11348
"1529 Skodje";"Jordbruksareal i drift";0;5996;6797;5716;5547;5575;5203;5346;5300;5383;5321;4853;4776;4669;4258;3990;3611;3702;3823;3794;3837;3641
"1531 Sula";"Jordbruksareal i drift";0;3636;2356;2049;1854;1610;1444;1185;1185;1091;1002;979;913;713;644;700;697;727;659;598;676;642
"1532 Giske";"Jordbruksareal i drift";11536;11068;9768;11180;10550;10730;10819;10516;10218;10338;10460;10545;10339;9941;9921;9625;9623;9273;8933;8912;9061;9076
"1534 Haram";"Jordbruksareal i drift";20609;19983;19827;20469;20099;20121;19513;19388;19167;18790;18892;18965;18984;18434;17758;16943;17175;17461;16808;16667;16513;16652
"1535 Vestnes";"Jordbruksareal i drift";20031;17685;19191;20774;20829;21374;21338;21165;21194;20954;21274;20753;20838;20611;20723;20454;20555;18132;18273;18040;17509;17588
"1539 Rauma";"Jordbruksareal i drift";35153;32967;34721;37515;37669;37571;36644;36587;36728;36530;36629;36388;35925;35714;35445;35101;34714;34017;33957;33761;33866;34069
"1543 Nesset";"Jordbruksareal i drift";20660;19542;21392;23134;23251;23197;23726;23471;23874;23467;23408;23596;23310;23194;23181;23214;22517;22666;21811;21207;20826;20877
"1545 Midsund";"Jordbruksareal i drift";7247;6194;5938;5075;4987;4889;4850;4972;5032;4718;4867;4692;4698;4636;4938;4896;4961;4912;4689;4672;4672;4662
"1546 Sandøy";"Jordbruksareal i drift";3152;3289;..;4084;3917;3988;3854;3815;3827;3752;3759;3864;4235;3800;4083;3933;3958;3934;3927;3961;3957;4005
"1547 Aukra";"Jordbruksareal i drift";7077;7184;8054;9320;8768;9237;10379;9639;9715;9765;9572;8967;9049;6510;9207;8956;8948;8917;8897;8972;9126;8774
"1548 Fræna";"Jordbruksareal i drift";46808;53118;56720;58844;59101;59914;60461;59019;59211;58327;58717;59036;58599;58648;57737;55633;55286;53338;53277;53621;53397;54198
"1551 Eide";"Jordbruksareal i drift";13325;15749;17236;19737;19794;20060;19980;20424;19830;19434;19266;19135;18530;17651;17982;18438;19169;19584;19231;19102;19596;19692
"1554 Averøy";"Jordbruksareal i drift";19770;18436;20093;21606;21417;21227;21030;20877;20645;20273;20277;19780;19514;19149;17804;17786;17911;17903;17838;17717;17704;17380
"1557 Gjemnes";"Jordbruksareal i drift";21894;21565;25247;25570;25614;26002;25808;26067;26244;25855;25835;25658;25412;25567;26285;25879;24224;24261;24483;24533;24872;24941
"1560 Tingvoll";"Jordbruksareal i drift";18316;16743;17971;18786;19087;19284;19365;19246;19212;19353;20369;19754;19913;18988;18824;18894;18952;18847;18661;18933;19072;19258
"1563 Sunndal";"Jordbruksareal i drift";22131;22836;22801;23840;23846;23672;23023;23183;22935;22873;22809;22340;21809;21830;21787;21794;21473;21460;21094;21131;20572;20346
"1566 Surnadal";"Jordbruksareal i drift";32784;32408;34971;36638;36729;37305;37315;37045;36647;36801;36858;36780;36246;35515;35493;35340;35595;35391;35570;35738;36193;36197
"1567 Rindal (-2018)";"Jordbruksareal i drift";23393;24195;25231;25537;25824;25518;25791;25938;26064;26269;26426;25689;25157;25611;25321;25405;24677;24767;24401;24110;23992;24625
"1571 Halsa";"Jordbruksareal i drift";12514;14695;15799;16032;16166;16108;16050;16196;16236;16200;16317;16291;16240;14386;14497;14092;13948;14165;14179;13578;13386;12881
"1573 Smøla";"Jordbruksareal i drift";14115;13030;12782;14504;14959;14958;14800;14812;15061;15292;15014;15050;14695;14571;15097;14308;14615;14527;14445;13984;14352;14546
"1576 Aure";"Jordbruksareal i drift";0;0;0;0;0;0;0;0;0;0;24955;25183;24421;23931;23404;21991;21646;21745;20821;20706;20709;20792
"5001 Trondheim";"Jordbruksareal i drift";0;0;0;0;0;0;0;0;0;0;0;0;0;0;0;0;0;0;0;0;0;0
"5004 Steinkjer";"Jordbruksareal i drift";0;0;0;0;0;0;0;0;0;0;0;0;0;0;0;0;0;0;0;0;0;0
"5005 Namsos";"Jordbruksareal i drift";0;0;0;0;0;0;0;0;0;0;0;0;0;0;0;0;0;0;0;0;0;0
"5011 Hemne";"Jordbruksareal i drift";0;0;0;0;0;0;0;0;0;0;0;0;0;0;0;0;0;0;0;0;0;0
"5012 Snillfjord";"Jordbruksareal i drift";0;0;0;0;0;0;0;0;0;0;0;0;0;0;0;0;0;0;0;0;0;0
"5013 Hitra";"Jordbruksareal i drift";0;0;0;0;0;0;0;0;0;0;0;0;0;0;0;0;0;0;0;0;0;0
"5014 Frøya";"Jordbruksareal i drift";0;0;0;0;0;0;0;0;0;0;0;0;0;0;0;0;0;0;0;0;0;0
"5015 Ørland";"Jordbruksareal i drift";0;0;0;0;0;0;0;0;0;0;0;0;0;0;0;0;0;0;0;0;0;0
"5016 Agdenes";"Jordbruksareal i drift";0;0;0;0;0;0;0;0;0;0;0;0;0;0;0;0;0;0;0;0;0;0
"5017 Bjugn";"Jordbruksareal i drift";0;0;0;0;0;0;0;0;0;0;0;0;0;0;0;0;0;0;0;0;0;0
"5018 Åfjord";"Jordbruksareal i drift";0;0;0;0;0;0;0;0;0;0;0;0;0;0;0;0;0;0;0;0;0;0
"5019 Roan";"Jordbruksareal i drift";0;0;0;0;0;0;0;0;0;0;0;0;0;0;0;0;0;0;0;0;0;0
"5020 Osen";"Jordbruksareal i drift";0;0;0;0;0;0;0;0;0;0;0;0;0;0;0;0;0;0;0;0;0;0
"5021 Oppdal";"Jordbruksareal i drift";0;0;0;0;0;0;0;0;0;0;0;0;0;0;0;0;0;0;0;0;0;0
"5022 Rennebu";"Jordbruksareal i drift";0;0;0;0;0;0;0;0;0;0;0;0;0;0;0;0;0;0;0;0;0;0
"5023 Meldal";"Jordbruksareal i drift";0;0;0;0;0;0;0;0;0;0;0;0;0;0;0;0;0;0;0;0;0;0
"5024 Orkdal";"Jordbruksareal i drift";0;0;0;0;0;0;0;0;0;0;0;0;0;0;0;0;0;0;0;0;0;0
"5025 Røros";"Jordbruksareal i drift";0;0;0;0;0;0;0;0;0;0;0;0;0;0;0;0;0;0;0;0;0;0
"5026 Holtålen";"Jordbruksareal i drift";0;0;0;0;0;0;0;0;0;0;0;0;0;0;0;0;0;0;0;0;0;0
"5027 Midtre GauldaOppdall";"Jordbruksareal i drift";0;0;0;0;0;0;0;0;0;0;0;0;0;0;0;0;0;0;0;0;0;0
"5028 Melhus";"Jordbruksareal i drift";0;0;0;0;0;0;0;0;0;0;0;0;0;0;0;0;0;0;0;0;0;0
"5029 Skaun";"Jordbruksareal i drift";0;0;0;0;0;0;0;0;0;0;0;0;0;0;0;0;0;0;0;0;0;0
"5030 Klæbu";"Jordbruksareal i drift";0;0;0;0;0;0;0;0;0;0;0;0;0;0;0;0;0;0;0;0;0;0
"5031 Malvik";"Jordbruksareal i drift";0;0;0;0;0;0;0;0;0;0;0;0;0;0;0;0;0;0;0;0;0;0
"5032 Selbu";"Jordbruksareal i drift";0;0;0;0;0;0;0;0;0;0;0;0;0;0;0;0;0;0;0;0;0;0
"5033 Tydal";"Jordbruksareal i drift";0;0;0;0;0;0;0;0;0;0;0;0;0;0;0;0;0;0;0;0;0;0
"5034 Meråker";"Jordbruksareal i drift";0;0;0;0;0;0;0;0;0;0;0;0;0;0;0;0;0;0;0;0;0;0
"5035 Stjørdal";"Jordbruksareal i drift";0;0;0;0;0;0;0;0;0;0;0;0;0;0;0;0;0;0;0;0;0;0
"5036 Frosta";"Jordbruksareal i drift";0;0;0;0;0;0;0;0;0;0;0;0;0;0;0;0;0;0;0;0;0;0
"5037 Levanger";"Jordbruksareal i drift";0;0;0;0;0;0;0;0;0;0;0;0;0;0;0;0;0;0;0;0;0;0
"5038 Verdal";"Jordbruksareal i drift";0;0;0;0;0;0;0;0;0;0;0;0;0;0;0;0;0;0;0;0;0;0
"5039 Verran";"Jordbruksareal i drift";0;0;0;0;0;0;0;0;0;0;0;0;0;0;0;0;0;0;0;0;0;0
"5040 Namdalseid";"Jordbruksareal i drift";0;0;0;0;0;0;0;0;0;0;0;0;0;0;0;0;0;0;0;0;0;0
"5041 Snåase - Snåsa";"Jordbruksareal i drift";0;0;0;0;0;0;0;0;0;0;0;0;0;0;0;0;0;0;0;0;0;0
"5042 Lierne";"Jordbruksareal i drift";0;0;0;0;0;0;0;0;0;0;0;0;0;0;0;0;0;0;0;0;0;0
"5043 Raarvihke - Røyrvik";"Jordbruksareal i drift";0;0;0;0;0;0;0;0;0;0;0;0;0;0;0;0;0;0;0;0;0;0
"5044 Namsskogan";"Jordbruksareal i drift";0;0;0;0;0;0;0;0;0;0;0;0;0;0;0;0;0;0;0;0;0;0
"5045 Grong";"Jordbruksareal i drift";0;0;0;0;0;0;0;0;0;0;0;0;0;0;0;0;0;0;0;0;0;0
"5046 Høylandet";"Jordbruksareal i drift";0;0;0;0;0;0;0;0;0;0;0;0;0;0;0;0;0;0;0;0;0;0
"5047 Overhalla";"Jordbruksareal i drift";0;0;0;0;0;0;0;0;0;0;0;0;0;0;0;0;0;0;0;0;0;0
"5048 Fosnes";"Jordbruksareal i drift";0;0;0;0;0;0;0;0;0;0;0;0;0;0;0;0;0;0;0;0;0;0
"5049 Flatanger";"Jordbruksareal i drift";0;0;0;0;0;0;0;0;0;0;0;0;0;0;0;0;0;0;0;0;0;0
"5050 Vikna";"Jordbruksareal i drift";0;0;0;0;0;0;0;0;0;0;0;0;0;0;0;0;0;0;0;0;0;0
"5051 Nærøy";"Jordbruksareal i drift";0;0;0;0;0;0;0;0;0;0;0;0;0;0;0;0;0;0;0;0;0;0
"5052 Leka";"Jordbruksareal i drift";0;0;0;0;0;0;0;0;0;0;0;0;0;0;0;0;0;0;0;0;0;0
"5053 Inderøy";"Jordbruksareal i drift";0;0;0;0;0;0;0;0;0;0;0;0;0;0;0;0;0;0;0;0;0;0
"5054 Indre Fosen";"Jordbruksareal i drift";0;0;0;0;0;0;0;0;0;0;0;0;0;0;0;0;0;0;0;0;0;0
"1601 Trondheim (-2017)";"Jordbruksareal i drift";67956;66530;65488;64028;62564;62051;61257;61123;60025;59871;59970;58601;58154;58408;58342;57220;56641;56570;56604;55719;55456;54988
"1612 Hemne (-2017)";"Jordbruksareal i drift";17740;17095;19378;20166;20420;20793;20575;20866;20740;20650;20846;20719;20592;20541;19819;20190;20452;20279;20560;20770;20285;20730
"1613 Snillfjord (-2017)";"Jordbruksareal i drift";9447;9670;11843;13450;13445;13199;13130;13234;13360;13092;13009;13010;12780;12751;12413;12365;12591;12436;12406;12463;12451;12525
"1617 Hitra (-2017)";"Jordbruksareal i drift";16089;13553;15022;16348;15870;15869;15864;15708;15354;15559;14921;15209;14901;13734;13549;12715;12637;12539;12478;12751;12434;12607
"1620 Frøya (-2017)";"Jordbruksareal i drift";10663;6395;6362;7078;7371;7482;7286;6887;6999;7258;7692;7882;8037;7786;8030;8351;8221;6241;6474;7044;7312;7444
"1621 Ørland (-2017)";"Jordbruksareal i drift";34995;38289;38857;43086;43027;43175;43389;43701;43944;44334;44621;42885;42839;40306;40477;40246;40421;40176;40009;39712;39195;38588
"1622 Agdenes (-2017)";"Jordbruksareal i drift";16395;17806;18484;18169;17993;18050;17887;17273;17409;17523;17378;17491;17570;17328;16928;17138;17127;16851;16685;16888;16968;16861
"1624 Rissa (-2017)";"Jordbruksareal i drift";48366;51638;55759;56630;57421;56808;56843;56508;56755;56667;57728;57639;57569;57752;57053;55792;55907;56134;55896;55307;55138;55229
"1627 Bjugn (-2017)";"Jordbruksareal i drift";31715;33322;32802;34505;34496;34716;34429;33728;33361;34475;34686;35440;35422;33939;32091;32357;32226;31716;31426;31651;31720;31784
"1630 Åfjord (-2017)";"Jordbruksareal i drift";24928;26669;28818;29640;29722;29699;30427;29641;29594;29429;29732;29413;29407;29868;29702;27796;28110;27601;27557;27199;26872;27127
"1632 Roan (-2017)";"Jordbruksareal i drift";8757;8768;9821;10312;10220;9997;10108;10251;9807;9675;9794;9731;10057;9898;9925;10180;10296;9923;9801;9760;9923;10056
"1633 Osen (-2017)";"Jordbruksareal i drift";6960;7264;7829;8287;7895;7881;8223;7846;7901;8022;8011;7864;7903;7413;7413;7343;7049;7477;7677;7667;7913;8224
"1634 Oppdal (-2017)";"Jordbruksareal i drift";47607;42638;46554;61830;64339;66414;69398;70906;72260;74277;74093;75571;74906;67862;72489;73531;74185;74029;74112;74045;74326;75407
"1635 Rennebu (-2017)";"Jordbruksareal i drift";30355;26373;28415;34478;35095;35943;37612;39041;39141;39812;39537;39933;39696;39240;38922;37468;37547;38069;37669;37664;37824;37494
"1636 Meldal (-2017)";"Jordbruksareal i drift";24587;26773;29516;32116;32278;32270;31921;31420;32133;31967;30764;30858;31405;31177;31404;31493;31908;32039;31819;31871;31455;31712
"1638 Orkdal (-2017)";"Jordbruksareal i drift";44008;42983;43887;45368;46253;46275;45674;44352;45492;44051;44226;41332;41033;40686;40776;41336;40359;40177;39122;39054;38914;38979
"1640 Røros (-2017)";"Jordbruksareal i drift";20602;21385;25238;24275;23559;23063;22666;22568;22340;22620;22833;23171;22955;22996;23415;23084;23541;22979;23234;23027;23081;23260
"1644 Holtålen (-2017)";"Jordbruksareal i drift";15110;17146;17714;18851;18628;18398;17898;17654;17593;17711;17704;17443;15447;15738;15639;15683;15695;15885;16113;16301;16080;16300
"1648 Midtre Gauldal (-2017)";"Jordbruksareal i drift";41818;44692;48162;52694;54114;54450;54965;55281;56143;55941;54482;52108;52371;52214;52340;51772;51852;52308;53297;53298;53333;54113
"1653 Melhus (-2017)";"Jordbruksareal i drift";71492;70556;70915;72387;72003;72045;71587;70859;70565;70454;69900;69946;70687;70270;70987;70093;69652;69298;70011;69198;69276;69268
"1657 Skaun (-2017)";"Jordbruksareal i drift";33283;31224;33489;32598;32751;33458;32987;32502;31974;32350;32315;32155;31724;31627;29612;29743;29967;29935;30095;29027;28776;28998
"1662 Klæbu (-2017)";"Jordbruksareal i drift";10307;10584;10419;9897;10071;10169;10185;10378;10327;10344;10043;9902;9650;9474;9003;9006;9049;8526;8419;8469;8713;7860
"1663 Malvik (-2017)";"Jordbruksareal i drift";13050;13287;13792;15119;15141;15401;15394;15526;15816;15547;15492;15483;15021;14722;14597;14200;14110;13846;13797;14241;13902;13853
"1664 Selbu (-2017)";"Jordbruksareal i drift";30872;29963;33750;35044;35392;34932;35251;35312;35392;33280;34712;33561;34230;34190;33898;34128;34235;33716;34030;34265;33554;34107
"1665 Tydal (-2017)";"Jordbruksareal i drift";5536;5442;7001;8355;8368;8523;8680;8695;8817;8778;8844;8794;8318;8199;8407;8178;8124;8534;8552;8530;8564;8616
"1702 Steinkjer (-2017)";"Jordbruksareal i drift";135549;146807;156125;162589;163206;163833;164709;165270;164785;165235;165836;158271;158078;161225;159384;160376;160991;162454;161489;160700;161960;162587
"1703 Namsos (-2017)";"Jordbruksareal i drift";18758;18004;19597;19937;19755;19662;19159;19492;19386;19379;19147;19349;19141;18896;18169;17617;16895;16925;16293;16384;16262;16398
"1711 Meråker (-2017)";"Jordbruksareal i drift";8914;8776;9223;10511;10292;10294;10393;10190;10349;10446;10419;10644;10346;10183;10255;10272;9416;9667;9883;10018;9715;9703
"1714 Stjørdal (-2017)";"Jordbruksareal i drift";83377;86765;87993;89325;89468;90265;90583;89171;88991;88370;88367;88700;86566;86630;87224;87192;86721;86332;86306;85984;85574;85042
"1717 Frosta (-2017)";"Jordbruksareal i drift";23063;22490;23945;23736;23632;23547;23943;23118;23201;23102;23327;24084;23970;23094;22866;22714;22924;23486;23129;23184;23592;23492
"1718 Leksvik (-2017)";"Jordbruksareal i drift";16413;18200;19939;22645;22802;23017;22836;23304;23298;23204;23669;23858;23916;24330;24312;22239;22724;22791;22861;22694;22791;23173
"1719 Levanger (-2017)";"Jordbruksareal i drift";109513;119798;126703;133973;134850;135980;135510;136577;137133;137195;138342;138519;139580;138643;131901;131958;133363;133490;132693;133295;133479;133391
"1721 Verdal (-2017)";"Jordbruksareal i drift";75135;81161;84124;86907;87817;88153;88030;87654;87192;87446;87900;88184;84081;82933;83569;83700;83234;82792;83065;82191;83353;83651
"1724 Verran (-2017)";"Jordbruksareal i drift";8293;8103;9639;11445;11681;11582;11628;11583;11624;11473;11448;10729;10757;10602;11010;10754;10872;10815;10922;10778;10803;10882
"1725 Namdalseid (-2017)";"Jordbruksareal i drift";22130;24947;27695;28468;29294;29277;30619;31012;31756;32103;32710;31799;31778;31319;31222;32598;32608;32537;33054;33152;33380;33394
"1736 Snåase - Snåsa (-2017)";"Jordbruksareal i drift";26643;31345;35384;36807;36374;36528;36813;36680;36740;36438;36705;36080;36168;36445;36710;36687;37236;37219;37248;37525;37651;37476
"1738 Lierne (-2017)";"Jordbruksareal i drift";12583;12585;13809;15579;15852;15429;15968;15514;15379;15016;15407;15333;15266;14764;15384;15285;14083;14183;14033;14393;14399;14327
"1739 Raarvihke - Røyrvik (-2017)";"Jordbruksareal i drift";2695;3009;4013;4941;5339;5421;5263;4820;4835;4511;4866;4661;4541;4375;3933;4082;4019;4016;3980;4176;4169;3763
"1740 Namsskogan (-2017)";"Jordbruksareal i drift";3642;4584;5985;6929;7203;7719;7801;7983;7928;7912;7547;7546;7314;7377;7301;7835;7392;7457;7526;7505;7484;7364
"1742 Grong (-2017)";"Jordbruksareal i drift";17813;19299;19471;21010;21454;21899;21532;21419;21429;21452;21007;21616;20833;20840;20388;20446;20109;20388;20183;20415;20044;19629
"1743 Høylandet (-2017)";"Jordbruksareal i drift";14862;16770;18082;18599;18545;18550;18128;18392;18503;18492;18733;18585;17828;17853;18424;18746;18858;18918;19222;19438;19551;20238
"1744 Overhalla (-2017)";"Jordbruksareal i drift";36265;43975;43805;44627;43685;43982;44000;43744;43608;43856;44624;44744;45108;44832;43253;43432;43926;44159;44638;44809;44622;44405
"1748 Fosnes (-2017)";"Jordbruksareal i drift";7286;8714;9901;10091;10182;10442;10263;10459;10477;10275;10558;10503;9688;9504;9612;8709;8396;8327;8601;8590;8559;8531
"1749 Flatanger (-2017)";"Jordbruksareal i drift";8172;8337;8793;9454;9489;9423;9401;9469;9312;9256;9325;9237;9621;9517;9574;8673;8844;8712;8938;9023;8676;8857
"1750 Vikna (-2017)";"Jordbruksareal i drift";13292;12484;13306;15279;15220;15397;15521;15285;15836;16481;16664;16983;17118;17249;17250;16748;17601;15197;15386;14901;14470;15029
"1751 Nærøy (-2017)";"Jordbruksareal i drift";34394;32819;36340;40644;40913;41044;41317;41626;41689;41604;41685;42180;42190;41200;40188;38109;37526;36865;36601;36584;36623;36342
"1755 Leka (-2017)";"Jordbruksareal i drift";7781;6786;7991;9813;10168;10362;10205;10384;10380;10567;10563;10418;10378;9658;9560;9656;9671;9909;9848;9803;9703;9632
"1756 Inderøy (-2017)";"Jordbruksareal i drift";0;0;0;0;0;0;0;0;0;0;0;0;0;0;0;0;61618;61693;61561;61557;62210;61767
"1804 Bodø";"Jordbruksareal i drift";25038;17500;17616;20107;20270;20355;20631;20451;21947;28012;28115;27717;28255;27375;26387;25233;24987;25141;25549;25198;25121;24827
"1805 Narvik";"Jordbruksareal i drift";0;5842;5494;4813;4795;4398;4403;4346;4384;4478;4354;4288;4128;4101;4122;4007;3860;3807;3844;3686;3563;3574
"1811 Bindal";"Jordbruksareal i drift";13896;12991;12323;12415;12698;12844;12919;12783;12304;12400;12577;12714;12946;12754;12526;12534;11338;10765;10684;10656;10652;10419
"1812 Sømna";"Jordbruksareal i drift";0;25462;28064;29826;29931;30178;32180;30616;31112;31095;31717;32286;29739;30339;30067;30336;30219;29911;29928;30038;30201;30084
"1813 Brønnøy";"Jordbruksareal i drift";0;25875;28086;29705;31164;31505;31398;30854;31562;31152;31790;31867;30746;31259;31719;31895;31666;31501;31719;31900;31838;32021
"1815 Vega";"Jordbruksareal i drift";11291;11274;13531;15602;15976;16271;16802;17401;17462;17709;17854;17440;15620;15613;15547;15370;15307;15283;15137;15038;15101;15086
"1816 Vevelstad";"Jordbruksareal i drift";5760;5154;6350;7207;7391;7697;8502;8797;9622;9896;10034;10604;10909;10980;10329;10506;10585;10722;10772;10304;10184;8370
"1818 Herøy (Nordland)";"Jordbruksareal i drift";3913;2895;3541;5185;5262;5341;6586;6462;6490;6499;6251;6007;5383;5686;5798;5737;5819;5780;6083;6494;6551;6713
"1820 Alstahaug";"Jordbruksareal i drift";21824;19699;23794;24036;24695;25635;25761;26865;27169;26707;27084;26284;25090;25805;25988;26143;25919;25038;24856;24826;24841;25252
"1822 Leirfjord";"Jordbruksareal i drift";19690;18299;18424;20752;21564;21454;21682;21650;21776;21864;22315;22793;23029;22970;21228;21570;21389;21611;21617;21865;22203;22299
"1824 Vefsn";"Jordbruksareal i drift";30558;30811;30108;30255;29918;30306;30549;30598;29392;29614;29015;29198;29077;28446;26833;27040;27238;27515;27260;27668;27449;27548
"1825 Grane";"Jordbruksareal i drift";6160;6471;7854;7958;7872;8152;8135;8407;8520;8745;8735;9908;8818;8673;8655;8766;8953;8839;8873;8899;9006;9372
"1826 Hattfjelldal";"Jordbruksareal i drift";14498;12977;15840;17338;17613;17773;18061;18144;17837;17800;17915;17752;17672;17662;17475;17627;17675;17691;17783;17852;18087;18177
"1827 Dønna";"Jordbruksareal i drift";13745;12479;14877;17558;17955;18192;17815;17628;17624;17470;17560;17141;14092;14460;14572;15046;15632;15591;15936;16235;16332;17251
"1828 Nesna";"Jordbruksareal i drift";12323;11162;13183;14500;14899;15224;15135;15203;15804;15856;15166;15117;13950;12923;12887;12546;12348;12236;12184;12382;12450;12549
"1832 Hemnes";"Jordbruksareal i drift";18038;19457;20488;21921;21918;22074;22387;23160;22641;22974;23172;23587;21299;20954;21306;21323;21735;21270;21539;21624;21391;21341
"1833 Rana";"Jordbruksareal i drift";26426;23903;25536;27774;27146;27041;26694;25596;25361;24747;24065;24226;23482;23813;24022;24019;24011;23615;23679;23379;23074;23672
"1834 Lurøy";"Jordbruksareal i drift";11507;7259;6790;6849;7633;7849;8375;8468;8355;8644;9046;9194;9406;8667;8262;8532;8744;8773;8755;8591;8507;8256
"1835 Træna";"Jordbruksareal i drift";524;0;193;186;186;..;..;..;..;..;..;..;..;..;..;..;..;..;..;..;..;..
"1836 Rødøy";"Jordbruksareal i drift";9231;7211;7121;8355;8649;8791;8844;9474;9081;9000;9496;9691;8451;8945;7320;7445;7439;7400;7414;7436;7427;7866
"1837 Meløy";"Jordbruksareal i drift";16141;13373;12894;17174;17641;18213;18275;18634;18551;18348;18399;18415;18089;15938;15607;15842;16117;16056;16042;15833;15757;14940
"1838 Gildeskål";"Jordbruksareal i drift";13963;8285;7245;10992;11260;11392;11594;11386;11352;10654;10596;10778;10875;10654;10243;6978;6856;6717;6855;6788;6449;7006
"1839 Beiarn";"Jordbruksareal i drift";14139;11684;10442;12133;12565;12763;13040;13153;12821;12713;12921;12903;12415;12388;12018;11830;11736;10477;10312;10133;10103;10129
"1840 Saltdal";"Jordbruksareal i drift";15186;11596;10551;9508;9599;9474;9669;9431;9241;9407;9439;9631;9888;10023;10549;9887;9883;10149;10211;10240;10245;10766
"1841 Fauske - Fuosko";"Jordbruksareal i drift";17231;15242;15013;15609;15715;15991;16369;16215;16068;15876;15927;15722;15715;14980;15036;14336;14325;14164;14494;14565;14384;14593
"1845 Sørfold";"Jordbruksareal i drift";8718;5721;3241;3565;3644;3697;3593;3415;3433;3276;3022;2994;3023;2827;2761;2478;2411;2192;2123;2062;2267;2382
"1848 Steigen";"Jordbruksareal i drift";27308;22864;24882;29505;29746;29875;29525;30133;29637;29402;29240;29134;29710;29601;28142;26191;25194;25384;25276;24773;24368;24176
"1849 Hamarøy - Hábmer";"Jordbruksareal i drift";9055;5955;4843;6625;6700;6382;6505;6448;6724;6559;6526;6794;6412;6425;6635;7170;6779;6683;6432;6172;5993;6203
"1850 Divtasvuodna - Tysfjord";"Jordbruksareal i drift";3910;1650;1394;2053;2178;2226;2336;2319;2298;2061;2024;2294;2300;2276;2071;2185;1857;1715;1332;1390;1362;1411
"1851 Lødingen";"Jordbruksareal i drift";5074;3426;3310;4191;4176;4303;4333;4233;4523;4057;4155;4266;4121;4074;4231;4220;4052;4150;4048;4087;4138;4085
"1852 Tjeldsund";"Jordbruksareal i drift";5863;4446;3185;4034;3986;3920;4063;4201;4310;4342;3978;4176;4207;4224;4267;4319;4308;4276;4251;4214;4028;4052
"1853 Evenes";"Jordbruksareal i drift";9584;6562;6170;6783;6804;6587;6672;6640;6744;6771;6694;6860;6500;6429;6286;6066;5986;5942;6009;5949;6172;6798
"1854 Ballangen";"Jordbruksareal i drift";11681;7653;8537;8800;9231;9370;9786;9212;9021;9062;8846;8915;8743;9241;9179;9643;9865;9791;9876;9502;9320;9349
"1856 Røst";"Jordbruksareal i drift";1618;611;496;1239;1230;1297;1023;964;871;825;967;1807;..;..;..;..;..;..;..;..;..;..
"1857 Værøy";"Jordbruksareal i drift";844;978;449;..;..;..;..;..;0;0;0;0;0;0;0;0;0;0;0;0;0;0
"1859 Flakstad";"Jordbruksareal i drift";0;3818;3655;4190;3876;3863;4294;4503;4149;4504;4478;4496;4157;3875;3728;3607;3711;3682;3871;3742;3760;3783
"1860 Vestvågøy";"Jordbruksareal i drift";43526;34445;29629;34489;34295;34236;34602;34620;34586;34802;35699;35953;34832;33011;32439;31964;32053;31549;31782;31756;31238;31297
"1865 Vågan";"Jordbruksareal i drift";12493;8282;8757;10046;9896;9730;9810;9557;9345;9166;9243;9238;8547;8608;9050;8667;8723;8104;8071;8109;8314;8032
"1866 Hadsel";"Jordbruksareal i drift";19860;16881;15632;18197;18370;18353;17908;18112;17828;17813;19031;19103;18979;18940;16468;16991;18052;18867;18888;19345;19493;19580
"1867 Bø (Nordland)";"Jordbruksareal i drift";14520;9990;9767;10989;10833;11327;11160;11500;11629;11604;11623;12635;13006;13356;12642;12521;12471;12527;11929;11461;11408;11748
"1868 Øksnes";"Jordbruksareal i drift";8179;5090;5705;5184;5361;5251;5378;5335;5140;5528;5876;5931;6894;6288;5484;5630;5647;4897;4820;4842;5214;4857
"1870 Sortland - Suortá";"Jordbruksareal i drift";18056;13188;14708;17805;19470;20430;20882;21227;21400;21547;22155;22336;22296;22666;20862;21674;21238;21692;21700;21099;20737;21751
"1871 Andøy";"Jordbruksareal i drift";20462;17235;14570;16762;17045;17107;17196;16985;17503;17669;17504;17196;17524;16921;16485;16400;14856;14661;14457;15027;15232;15335
"1874 Moskenes";"Jordbruksareal i drift";0;376;233;..;..;..;..;..;..;..;..;..;0;0;0;0;0;0;0;0;0;0
"1902 Tromsø";"Jordbruksareal i drift";33707;26070;21921;21334;21052;21063;21110;20592;20045;19111;18825;18696;17944;18108;17849;17008;17150;17028;16556;16641;16684;16514
"1903 Harstad - Hárstták";"Jordbruksareal i drift";0;0;0;0;0;0;0;0;0;0;0;0;0;0;0;0;0;20743;20422;20173;20408;21017
"1911 Kvæfjord";"Jordbruksareal i drift";14233;11388;12518;14323;12983;12842;12604;12726;12550;12455;12455;12294;11770;11761;11896;11811;11833;11765;11849;11908;12045;12743
"1913 Skånland";"Jordbruksareal i drift";17357;10959;6553;10106;10008;9784;9782;9711;9756;9763;9645;9626;9402;9100;9117;8596;8646;7995;7990;7837;7535;7335
"1917 Ibestad";"Jordbruksareal i drift";11790;6174;4885;6039;5856;6172;5933;6063;6057;5810;5839;5626;5750;5771;6049;5842;5071;5483;5652;5646;5732;5961
"1919 Gratangen";"Jordbruksareal i drift";4826;2978;2502;3167;3270;3378;3340;3306;3333;3461;3465;3486;3447;3291;3296;3430;3271;3233;3177;3195;3242;3367
"1920 Loabák - Lavangen";"Jordbruksareal i drift";0;3297;2514;3443;3387;3406;3387;3227;3104;3106;3161;3175;3114;3230;2877;2873;2890;2819;2758;3141;3372;3520
"1922 Bardu";"Jordbruksareal i drift";12774;12221;11376;13071;12876;12739;12709;12964;12971;13069;13245;13354;13196;13160;13441;12782;13037;13226;13205;13183;13028;12797
"1923 Salangen";"Jordbruksareal i drift";0;8230;8758;8757;8881;8930;8750;8701;8517;8438;8382;8357;8203;8162;7961;7787;7759;7414;6771;6860;6654;6772
"1924 Målselv";"Jordbruksareal i drift";30702;26105;29622;30300;29472;29294;28341;28518;28550;27909;29027;29990;29876;29818;30060;29185;23516;27071;26693;29887;27496;27246
"1925 Sørreisa";"Jordbruksareal i drift";12160;7924;4767;5386;5170;4714;5132;5190;5122;4833;5068;4809;4676;4384;4624;4807;4676;4580;5071;5008;5159;5428
"1926 Dyrøy";"Jordbruksareal i drift";9640;5887;5037;6352;6224;5851;5947;5976;6169;5873;5777;5843;5944;5922;5084;5127;5059;4952;4569;4531;4488;4662
"1927 Tranøy";"Jordbruksareal i drift";9795;6427;4747;5711;5501;6057;5740;5531;4728;4760;4596;4526;4839;5049;3849;5260;4911;3857;3790;3724;3672;4545
"1928 Torsken";"Jordbruksareal i drift";815;321;349;..;..;..;..;..;..;541;505;488;502;482;482;482;472;485;443;434;421;353
"1929 Berg";"Jordbruksareal i drift";891;587;112;..;..;..;..;..;..;0;0;0;0;0;0;0;0;0;0;0;0;0
"1931 Lenvik";"Jordbruksareal i drift";25497;19472;12756;15379;16300;16510;16736;16583;16782;16168;16508;16329;15709;16178;15870;15666;14956;14859;14626;13500;12953;14001
"1933 Balsfjord";"Jordbruksareal i drift";53424;45818;45182;49056;48930;48518;47750;47668;46813;46658;46997;46334;45114;40943;41654;40333;39841;40353;40154;40100;39926;39724
"1936 Karlsøy";"Jordbruksareal i drift";7494;5663;4770;3553;3554;3668;3613;3499;3350;3546;3530;3685;3697;3723;3872;3815;3892;3794;3648;3713;3819;3854
"1938 Lyngen";"Jordbruksareal i drift";14514;10692;10977;13798;14184;14470;14515;14695;15008;15093;15145;15394;15256;15738;15459;15305;14720;15232;14410;15219;14966;14839
"1939 Storfjord - Omasvuotna - Omasvuono";"Jordbruksareal i drift";7285;5085;4793;6185;6625;6717;6803;6668;6935;6758;6523;6285;6730;6073;6208;5797;5842;5288;5050;4861;4792;4609
"1940 Gáivuotna - Kåfjord - Kaivuono";"Jordbruksareal i drift";11459;10029;8714;11875;11957;12065;12077;12208;12100;11937;11580;11679;11337;11292;11491;10853;10499;9852;10067;10000;10332;10399
"1941 Skjervøy";"Jordbruksareal i drift";9536;1817;986;707;707;704;728;836;642;646;644;629;725;754;829;812;853;885;847;867;857;861
"1942 Nordreisa";"Jordbruksareal i drift";10412;12420;14474;17472;18299;18656;19180;18523;18154;18156;18501;18235;18215;18172;17983;16924;17280;17424;16986;17166;17049;16847
"1943 Kvænangen";"Jordbruksareal i drift";6937;4110;4793;4816;4730;4448;4127;4031;3604;3665;3402;3162;3218;3388;3167;3071;2848;2731;2499;2115;2244;2261
"2002 Vardø";"Jordbruksareal i drift";1038;1124;894;1082;1168;1171;1199;1131;1226;1260;1248;1001;1022;1042;1192;1380;1372;1419;1535;1365;1365;1432
"2003 Vadsø";"Jordbruksareal i drift";9544;4949;5855;8087;8184;7848;6623;6724;6711;6850;7120;7171;6571;6150;6439;6749;7341;6336;7525;6672;6977;6444
"2004 Hammerfest";"Jordbruksareal i drift";0;0;0;1058;1088;1135;886;866;957;846;941;981;1045;981;1180;1207;1055;1183;1157;1178;1178;755
"2011 Guovdageaidnu - Kautokeino";"Jordbruksareal i drift";2725;3082;3829;3494;3521;3541;3517;3390;3161;3179;3060;2866;2899;2843;2877;2788;2554;2283;2382;2228;2411;2275
"2012 Alta";"Jordbruksareal i drift";23447;20254;24205;30326;31794;31598;31807;31799;31077;31565;31696;31602;29383;28937;25056;25225;24807;24851;24846;24771;24691;24496
"2014 Loppa";"Jordbruksareal i drift";3297;1712;931;560;552;447;339;..;..;..;..;..;..;..;0;0;0;0;0;0;0;..
"2015 Hasvik";"Jordbruksareal i drift";788;393;215;145;95;95;0;0;..;..;..;..;..;..;..;..;..;..;..;0;0;0
"2017 Kvalsund";"Jordbruksareal i drift";3832;1968;2152;2024;2049;1821;1691;1488;1264;1425;1420;1457;1463;1589;1617;1087;1065;1009;865;836;325;..
"2018 Måsøy";"Jordbruksareal i drift";1316;554;267;..;0;0;0;0;0;0;0;0;0;0;0;0;0;0;0;0;0;0
"2019 Nordkapp";"Jordbruksareal i drift";197;0;..;0;0;0;0;0;0;0;0;0;0;0;0;0;0;0;0;0;0;0
"2020 Porsanger - Porsángu - Porsanki";"Jordbruksareal i drift";12351;9407;8815;8519;9338;9524;9028;9150;8828;8825;8785;8860;8849;8801;8816;8512;9307;8864;8639;8747;8919;8921
"2021 Kárásjohka - Karasjok";"Jordbruksareal i drift";9959;8830;9667;10373;10102;9172;9040;7940;7331;7183;6823;6747;6206;6429;6338;6365;6355;6622;6645;6720;6679;6617
"2022 Lebesby";"Jordbruksareal i drift";2984;2283;2293;1682;1634;1700;1732;1772;1800;1782;1789;1957;2023;1875;1769;1815;1779;1658;1591;1565;1446;1460
"2023 Gamvik";"Jordbruksareal i drift";1251;1223;1379;606;469;495;441;282;298;284;289;289;289;289;272;239;239;244;244;..;..;211
"2024 Berlevåg";"Jordbruksareal i drift";519;..;453;..;..;..;..;..;..;..;..;..;..;..;..;..;..;..;..;..;..;..
"2025 Deatnu - Tana";"Jordbruksareal i drift";17396;24290;22556;26152;25621;24728;24767;24358;24901;24715;24761;24260;24559;24803;25423;25444;25491;24821;25416;25242;25565;25970
"2027 Unjárga - Nesseby";"Jordbruksareal i drift";5497;3388;2601;2681;2615;2596;2720;2538;2370;2213;2695;3161;3509;3698;3714;4153;4178;4506;4132;4288;4214;3920
"2028 Båtsfjord";"Jordbruksareal i drift";316;..;..;..;..;..;..;0;0;0;0;0;0;0;0;0;0;0;0;0;0;0
"2030 Sør-Varanger";"Jordbruksareal i drift";10728;9664;8059;8367;8928;8875;8831;9196;9423;9038;8945;8986;9270;9186;9254;9375;9730;9502;9228;8268;8428;8678
